-- phpMyAdmin SQL Dump
-- version 3.3.7
-- http://www.phpmyadmin.net
--
-- Servidor: localhost
-- Tiempo de generación: 29-09-2016 a las 00:38:53
-- Versión del servidor: 5.5.42
-- Versión de PHP: 5.5.25

SET SQL_MODE="NO_AUTO_VALUE_ON_ZERO";


/*!40101 SET @OLD_CHARACTER_SET_CLIENT=@@CHARACTER_SET_CLIENT */;
/*!40101 SET @OLD_CHARACTER_SET_RESULTS=@@CHARACTER_SET_RESULTS */;
/*!40101 SET @OLD_COLLATION_CONNECTION=@@COLLATION_CONNECTION */;
/*!40101 SET NAMES utf8 */;

--
-- Base de datos: `factroni_client_024`
--

-- --------------------------------------------------------

--
-- Estructura de tabla para la tabla `tbl_comunas`
--

CREATE TABLE IF NOT EXISTS `tbl_comunas` (
  `id_comuna` int(10) NOT NULL AUTO_INCREMENT,
  `id_provincia` decimal(10,0) NOT NULL DEFAULT '0',
  `id_region` decimal(10,0) NOT NULL DEFAULT '0',
  `numero` varchar(10) COLLATE utf8_spanish_ci NOT NULL DEFAULT '0',
  `nombre` varchar(100) COLLATE utf8_spanish_ci NOT NULL DEFAULT '0',
  UNIQUE KEY `id_comuna` (`id_comuna`)
) ENGINE=InnoDB  DEFAULT CHARSET=utf8 COLLATE=utf8_spanish_ci AUTO_INCREMENT=346 ;

--
-- Volcar la base de datos para la tabla `tbl_comunas`
--

INSERT INTO `tbl_comunas` (`id_comuna`, `id_provincia`, `id_region`, `numero`, `nombre`) VALUES
(1, 1, 1, '01101', 'ARICA'),
(2, 1, 1, '01106', 'CAMARONES'),
(3, 2, 1, '01301', 'PUTRE'),
(4, 2, 1, '01302', 'GENERAL LAGOS'),
(5, 3, 2, '01201', 'IQUIQUE'),
(6, 3, 2, '01211', 'ALTO HOSPICIO'),
(7, 4, 2, '01204', 'POZO ALMONTE'),
(8, 4, 2, '01208', 'CAMIÑA'),
(9, 4, 2, '01210', 'COLCHANE'),
(10, 4, 2, '01206', 'HUARA'),
(11, 4, 2, '01203', 'PICA'),
(12, 5, 3, '02201', 'ANTOFAGASTA'),
(13, 5, 3, '02203', 'MEJILLONES'),
(14, 5, 3, '02206', 'SIERRA GORDA'),
(15, 5, 3, '02202', 'TALTAL'),
(16, 6, 3, '02301', 'CALAMA'),
(17, 6, 3, '02302', 'OLLAGUE'),
(18, 6, 3, '02302', 'SAN PEDRO DE ATACAMA'),
(19, 7, 3, '02101', 'TOCOPILLA'),
(20, 7, 3, '02103', 'MARÍA ELENA'),
(21, 8, 4, '03201', 'COPIAPÓ'),
(22, 8, 4, '03202', 'CALDERA'),
(23, 8, 4, '03203', 'TIERRA AMARILLA'),
(24, 9, 4, '03101', 'CHAÑARAL'),
(25, 9, 4, '03102', 'DIEGO DE ALMAGRO'),
(26, 10, 4, '03301', 'VALLENAR'),
(27, 10, 4, '03304', 'ALTO DEL CARMEN'),
(28, 10, 4, '03302', 'FREIRINA'),
(29, 10, 4, '03303', 'HUASCO'),
(30, 11, 5, '04101', 'LA SERENA'),
(31, 11, 5, '04103', 'COQUIMBO'),
(32, 11, 5, '04104', 'ANDACOLLO'),
(33, 11, 5, '04102', 'LA HIGUERA'),
(34, 12, 5, '04301', 'ILLAPEL'),
(35, 12, 5, '04304', 'CANELA'),
(36, 12, 5, '04303', 'LOS VILOS'),
(37, 12, 5, '04302', 'SALAMANCA'),
(38, 13, 5, '04202', 'OVALLE'),
(39, 13, 5, '04205', 'COMBARBALÁ'),
(40, 13, 5, '04203', 'MONTE PATRIA'),
(41, 13, 5, '04204', 'PUNITAQUI'),
(42, 13, 5, '04206', 'RÍO HURTADO'),
(43, 14, 6, '05301', 'VALPARAÍSO'),
(44, 14, 6, '05305', 'CASABLANCA'),
(45, 14, 6, '05309', 'CONCÓN'),
(46, 14, 6, '05308', 'JUAN FENÁNDEZ'),
(47, 14, 6, '05307', 'PUCHUNCAVÍ'),
(48, 14, 6, '05306', 'QUINTERO'),
(49, 14, 6, '05302', 'VIÑA DEL MAR'),
(50, 11, 5, '04105', 'VICUÑA'),
(51, 11, 5, '04106', 'PAIHUANO'),
(52, 16, 6, '05701', 'LOS ANDES'),
(53, 16, 6, '05702', 'CALLE LARGA'),
(54, 16, 6, '05704', 'RINCONADA'),
(55, 16, 6, '05703', 'SAN ESTEBAN'),
(56, 17, 6, '05201', 'LA LIGUA'),
(57, 17, 6, '05203', 'CABILDO'),
(58, 17, 6, '05205', 'PAPUDO'),
(59, 17, 6, '05202', 'PETORCA'),
(60, 17, 6, '05204', 'ZAPALLAR'),
(61, 18, 6, '05501', 'QUILLOTA'),
(62, 18, 6, '05504', 'CALERA'),
(63, 18, 6, '05503', 'HIJUALAS'),
(64, 18, 6, '05505', 'LA CRUZ'),
(65, 18, 6, '05502', 'NOGALES'),
(66, 19, 6, '05401', 'SAN ANTONIO'),
(67, 19, 6, '05406', 'ALGARROBO'),
(68, 19, 6, '05403', 'CARTAGENA'),
(69, 19, 6, '05405', 'EL QUISCO'),
(70, 19, 6, '05404', 'EL TABO'),
(71, 19, 6, '05402', 'SANTO DOMINGO'),
(72, 20, 6, '05601', 'SAN FELIPE'),
(73, 20, 6, '05603', 'CATEMU'),
(74, 20, 6, '05606', 'LLAILLAY'),
(75, 20, 6, '05602', 'PANQUEHUE'),
(76, 20, 6, '05604', 'PUTAENDO'),
(77, 20, 6, '05605', 'SANTA MARÍA'),
(78, 21, 6, '05506', 'LIMACHE'),
(79, 21, 6, '05304', 'QUILPUÉ'),
(80, 21, 6, '05303', 'VILLA ALEMANA'),
(81, 21, 6, '05507', 'OLMUÉ'),
(82, 22, 7, '06101', 'RANCAGUA'),
(83, 22, 7, '06107', 'CODEGUA'),
(84, 22, 7, '06116', 'COINCO'),
(85, 22, 7, '06106', 'COLTAUCO'),
(86, 22, 7, '06105', 'DOÑIHUE'),
(87, 22, 7, '06103', 'GRANEROS'),
(88, 22, 7, '06109', 'LAS CABRAS'),
(89, 22, 7, '06102', 'MACHALÍ'),
(90, 22, 7, '06115', 'MALLOA'),
(91, 22, 7, '06114', 'OLIVAR'),
(92, 22, 7, '06104', 'SAN FRANCISCO DE MOSTAZAL'),
(93, 22, 7, '06108', 'PEUMO'),
(94, 22, 7, '06111', 'PICHIDEGUA'),
(95, 22, 7, '06117', 'QUINTA DE TILCOCO'),
(96, 22, 7, '06112', 'RENGO'),
(97, 22, 7, '06113', 'REQUÍNOA'),
(98, 22, 7, '06110', 'SAN VICENTE'),
(99, 23, 7, '06301', 'PICHILEMU'),
(100, 23, 7, '06304', 'LA ESTRELLA'),
(101, 23, 7, '06303', 'LITUECHE'),
(102, 23, 7, '06305', 'MARICHIGUE'),
(103, 23, 7, '06302', 'NAVIDAD'),
(104, 23, 7, '06306', 'PAREDONES'),
(105, 24, 7, '06201', 'SAN FERNANDO'),
(106, 24, 7, '06202', 'CHIMBARONGO'),
(107, 24, 7, '06203', 'NANCAGUA'),
(108, 24, 7, '06205', 'SANTA CRUZ'),
(109, 24, 7, '06209', 'CHEPICA'),
(110, 24, 7, '06206', 'LOLOL'),
(111, 24, 7, '06207', 'PALMILLA'),
(112, 24, 7, '06208', 'PERALILLO'),
(113, 24, 7, '06214', 'PUMANQUE'),
(114, 25, 8, '07201', 'TALCA'),
(115, 25, 8, '07208', 'CONSTITUCION'),
(116, 25, 8, '07207', 'CUREPTO'),
(117, 25, 8, '07209', 'EMPEDRADO'),
(118, 25, 8, '07205', 'PENCAHUE'),
(119, 25, 8, '07204', 'RÍO CLARO'),
(120, 25, 8, '07202', 'SAN CLEMENTE'),
(121, 25, 8, '07210', 'SAN RAFAEL'),
(122, 25, 8, '07206', 'MAULE'),
(123, 25, 8, '07203', 'PELARCO'),
(124, 26, 8, '07401', 'CAUQUENES'),
(125, 26, 8, '07403', 'CHANCO'),
(126, 26, 8, '07402', 'PELLUHUE'),
(127, 27, 8, '07101', 'CURICÓ'),
(128, 27, 8, '07102', 'TENO'),
(129, 27, 8, '07103', 'ROMERAL'),
(130, 27, 8, '07104', 'RAUCO'),
(131, 27, 8, '07105', 'LICANTEN'),
(132, 27, 8, '07106', 'VICHUQUEN'),
(133, 27, 8, '07107', 'HUALANE'),
(134, 27, 8, '07108', 'MOLINA'),
(135, 27, 8, '07109', 'SAGRADA FAMILIA'),
(136, 28, 8, '07301', 'LINARES'),
(137, 28, 8, '07302', 'YERBAS BUENAS'),
(138, 28, 8, '07303', 'COLBUN'),
(139, 28, 8, '07304', 'LONGAVI'),
(140, 28, 8, '07305', 'PARRAL'),
(141, 28, 8, '07306', 'RETIRO'),
(142, 28, 8, '07309', 'VILLA ALEGRE'),
(143, 28, 8, '07310', 'SAN JAVIER'),
(144, 29, 9, '08201', 'CONCEPCIÓN'),
(145, 29, 9, '08207', 'CORONEL'),
(146, 29, 9, '08204', 'FLORIDA'),
(147, 29, 9, '08203', 'HUALQUI'),
(148, 29, 9, '08208', 'LOTA'),
(149, 29, 9, '08202', 'PENCO'),
(150, 29, 9, '08205', 'TOMÉ'),
(151, 29, 9, '08206', 'TALCAHUANO'),
(152, 29, 9, '08209', 'SANTA JUANA'),
(153, 29, 9, '08210', 'SAN PEDRO DE LA PAZ'),
(154, 29, 9, '08212', 'HUALPÉN'),
(155, 29, 9, '08211', 'CHIGUAYANTE'),
(156, 30, 9, '08303', 'LEBU'),
(157, 30, 9, '08301', 'ARAUCO'),
(158, 30, 9, '08305', 'CAÑETE'),
(159, 30, 9, '08306', 'CONTULMO'),
(160, 30, 9, '08302', 'CURANILAHUE'),
(161, 30, 9, '08304', 'LOS ALOMOS'),
(162, 30, 9, '08307', 'TIRÚA'),
(163, 31, 9, '08401', 'LOS ANGELES'),
(164, 31, 9, '08413', 'ARTUCO'),
(165, 31, 9, '08410', 'CABRERO'),
(166, 31, 9, '08403', 'LAJA'),
(167, 31, 9, '08407', 'MULCHÉN'),
(168, 31, 9, '08405', 'NACIMIENTO'),
(169, 31, 9, '08406', 'NEGRETE'),
(171, 31, 9, '08404', 'QUILLECO'),
(172, 31, 9, '08408', 'QUILACO'),
(173, 31, 9, '08411', 'SAN ROSENDO'),
(174, 31, 9, '08402', 'SANTA BÁRBARA'),
(175, 31, 9, '08412', 'TUCAPEL'),
(176, 31, 9, '08409', 'YUMBEL'),
(177, 31, 9, '08414', 'ALTO BIOBÍO'),
(178, 32, 9, '08101', 'CHILLÁN'),
(179, 32, 9, '08113', 'BULNES'),
(180, 32, 9, '08107', 'COBQUECURA'),
(181, 32, 9, '08120', 'COELEMU'),
(182, 32, 9, '08103', 'COIHUECO'),
(184, 32, 9, '08121', 'CHILLÁN VIEJO'),
(185, 32, 9, '08118', 'EL CARMEN'),
(186, 32, 9, '08105', 'NINHUE'),
(187, 32, 9, '08110', 'ÑIQUÉN'),
(188, 32, 9, '08117', 'PEMUCO'),
(189, 32, 9, '08102', 'PINTO'),
(190, 32, 9, '08106', 'PORTEZUELO'),
(191, 32, 9, '08115', 'QUILLÓN'),
(192, 32, 9, '08104', 'QUIRIHUE'),
(193, 32, 9, '08119', 'RÁNQUIL'),
(194, 32, 9, '08109', 'SAN CARLOS '),
(195, 32, 9, '08111', 'SAN FABIÁN'),
(196, 32, 9, '08114', 'SAN IGNACIO'),
(197, 32, 9, '08112', 'SAN NICOLÁS'),
(198, 32, 9, '08108', 'TREGUACO'),
(199, 32, 9, '08116', 'YUNGAY'),
(200, 33, 10, '09201', 'TEMUCO'),
(201, 33, 10, '09204', 'CUNCO'),
(202, 33, 10, '09218', 'CURARREHUE'),
(203, 33, 10, '09203', 'FREIRE'),
(204, 33, 10, '09207', 'GALVARINO'),
(205, 33, 10, '09212', 'GORBEA'),
(206, 33, 10, '09205', 'LAUTARO'),
(207, 33, 10, '09214', 'LONCOCHE'),
(208, 33, 10, '09217', 'MELIPEUCO'),
(209, 33, 10, '09208', 'NUEVA IMPERIAL'),
(210, 33, 10, '09220', 'PADRE LAS CASAS'),
(211, 33, 10, '09206', 'PERQUENCO'),
(212, 33, 10, '09211', 'PITRUFQUÉN'),
(213, 33, 10, '09216', 'PUCÓN'),
(214, 33, 10, '09210', 'SAAVEDRA'),
(215, 33, 10, '09219', 'TEODORO SCHMIDT'),
(216, 33, 10, '09213', 'TOLTÉN'),
(217, 33, 10, '09202', 'VILCÚN'),
(218, 33, 10, '09221', 'CHOLCHOL'),
(219, 33, 10, '09215', 'VILLARICA'),
(220, 34, 10, '09101', 'ANGOL'),
(221, 34, 10, '09105', 'COLLIPULLI'),
(222, 34, 10, '09110', 'CURACAUTÍN'),
(223, 34, 10, '09106', 'ERCILLA'),
(224, 34, 10, '09111', 'LONQUIMAY'),
(225, 34, 10, '09103', 'LOS SAUCES'),
(226, 34, 10, '09108', 'LUMACO'),
(227, 34, 10, '09102', 'PURÉN'),
(228, 34, 10, '09107', 'TRAIGUÉN'),
(229, 34, 10, '09104', 'RENAICO'),
(230, 34, 10, '09109', 'VICTORIA'),
(231, 35, 11, '10101', 'VALDIVIA'),
(232, 35, 11, '10106', 'CORRAL'),
(233, 35, 11, '10103', 'LANCO'),
(234, 35, 11, '10104', 'LOS LAGOS'),
(235, 35, 11, '10107', 'MÁFIL'),
(236, 35, 11, '10102', 'MARIQUINA'),
(237, 35, 11, '10108', 'PANGUIPULLI'),
(238, 36, 11, '10109', 'LA UNIÓN'),
(239, 36, 11, '10105', 'FUTRONO'),
(240, 36, 11, '10112', 'LAGO RANCO'),
(241, 36, 11, '10111', 'RÍO BUENO'),
(242, 37, 12, '10301', 'PUERTO MONTT'),
(243, 37, 12, '10309', 'CALBUCO'),
(244, 37, 12, '10302', 'COCHAMÓ'),
(245, 37, 12, '10304', 'FRESIA'),
(246, 37, 12, '10305', 'FRUTILLAR'),
(247, 37, 12, '10308', 'LOS MUERMOS'),
(248, 37, 12, '10307', 'MAULLÍN'),
(249, 37, 12, '10303', 'PUERTO VARAS'),
(250, 37, 12, '10306', 'LLANQUIHUE'),
(251, 38, 12, '10401', 'CASTRO'),
(252, 38, 12, '10406', 'ANCUD'),
(253, 38, 12, '10402', 'CHONCHI'),
(254, 38, 12, '10410', 'CURACO DE VÉLEZ'),
(255, 38, 12, '10408', 'DALCAHUE'),
(256, 38, 12, '10405', 'PUQUELDÓN'),
(257, 38, 12, '10403', 'QUEILÉN'),
(258, 38, 12, '10404', 'QUELLÓN'),
(259, 38, 12, '10407', 'QUEMCHI'),
(260, 38, 12, '10415', 'QUINCHAO'),
(261, 39, 12, '10201', 'OSORNO'),
(262, 39, 12, '10203', 'PUERTO OCTAY'),
(263, 39, 12, '10206', 'PURRANQUE'),
(264, 39, 12, '10205', 'RÍO NEGRO'),
(265, 39, 12, '10207', 'SAN JUAN DE LA COSTA'),
(266, 39, 12, '10202', 'SAN PABLO'),
(267, 39, 12, '10204', 'PUYEHUE'),
(268, 40, 12, '10501', 'CHAITÉN'),
(269, 40, 12, '10503', 'FUTALEUFÚ'),
(270, 40, 12, '10502', 'HUALAIHUÉ'),
(271, 40, 12, '10504', 'PALENA'),
(272, 41, 13, '11401', 'COIHAIQUE'),
(273, 41, 13, '11402', 'LAGO VERDE'),
(274, 45, 13, '11101', 'AISÉN'),
(275, 45, 13, '11102', 'CISNES'),
(276, 45, 13, '11104', 'GUAITECAS'),
(277, 44, 13, '11301', 'COCHRANE'),
(278, 0, 0, '11303', 'TORTEL'),
(279, 44, 13, '11303', 'TORTEL'),
(280, 46, 13, '11201', 'CHILE CHICO'),
(282, 46, 13, '11203', 'RÍO IBÁÑEZ'),
(283, 47, 14, '12205', 'PUNTA ARENAS'),
(284, 47, 14, '12206', 'LAGUNA BLANCA'),
(285, 47, 14, '12202', 'RÍO VERDE'),
(286, 47, 14, '12204', 'SAN GREGORIO'),
(287, 48, 14, '12401', 'CABO DE HORNOS (EX-NAVARINO)'),
(288, 49, 14, '12301', 'PORVENIR '),
(289, 49, 14, '12302', 'PRIMAVERA'),
(290, 49, 14, '12304', 'TIMAUKEL'),
(291, 50, 14, '12101', 'NATALES'),
(292, 50, 14, '12103', 'TORRES DEL PAINE'),
(293, 51, 15, '13101', 'SANTIAGO'),
(294, 51, 15, '14166', 'CERRILLOS'),
(295, 51, 15, '14156', 'CERRO NAVIA'),
(296, 51, 15, '14127', 'CONCHALÍ'),
(297, 51, 15, '16165', 'EL BOSQUE'),
(298, 51, 15, '14157', 'ESTACIÓN CENTRAL'),
(299, 51, 15, '14158', 'HUECHURABA'),
(300, 51, 15, '13167', 'INDEPENDENCIA'),
(301, 51, 15, '16110', 'LA CISTERNA'),
(302, 51, 15, '15128', 'LA FLORIDA'),
(303, 51, 15, '16131', 'LA GRANJA'),
(304, 51, 15, '16154', 'LA PINTANA'),
(305, 51, 15, '15132', 'LA REINA'),
(306, 51, 15, '15161', 'LO BARNECHEA'),
(307, 51, 15, '16164', 'LO ESPEJO'),
(308, 51, 15, '14155', 'LO PRADO'),
(309, 51, 15, '15151', 'MACUL'),
(310, 51, 15, '14109', 'MAIPÚ'),
(311, 51, 15, '15105', 'ÑUÑOA'),
(312, 51, 15, '16162', 'PEDRO AGUIRRE CERDA'),
(313, 51, 15, '15152', 'PEÑALOLEN'),
(314, 51, 15, '15103', 'PROVIDENCIA'),
(315, 51, 15, '14111', 'PUDAHUEL'),
(316, 51, 15, '14114', 'QUILICURA'),
(317, 51, 15, '14107', 'QUINTA NORMAL'),
(318, 51, 15, '13159', 'RECOLETA'),
(319, 51, 15, '14113', 'RENCA'),
(320, 51, 15, '16163', 'SAN JOAQUÍN'),
(321, 51, 15, '16106', 'SAN MIGUEL'),
(322, 51, 15, '16153', 'SAN RAMÓN'),
(323, 51, 15, '15160', 'VITACURA'),
(324, 51, 15, '15108', 'LAS CONDES'),
(325, 52, 15, '16301', 'PUENTE ALTO'),
(326, 52, 15, '16302', 'PIRQUE'),
(328, 53, 15, '14201', 'COLINA'),
(329, 53, 15, '14202', 'LAMPA'),
(330, 53, 15, '14203', 'TILTIL'),
(331, 54, 15, '16401', 'SAN BERNARDO'),
(332, 54, 15, '16403', 'BUIN'),
(333, 54, 15, '16402', 'CALERA DE TANGO'),
(334, 54, 15, '16404', 'PAINE'),
(335, 55, 15, '14601', 'MELIPILLA'),
(336, 55, 15, '14605', 'ALHUÉ'),
(337, 55, 15, '14603', 'CURACAVÍ'),
(338, 55, 15, '14602', 'MARÍA PINTO'),
(339, 55, 15, '14604', 'SAN PEDRO'),
(340, 56, 15, '14501', 'TALAGANTE'),
(341, 56, 15, '14503', 'EL MONTE'),
(342, 56, 15, '14502', 'ISLA DE MAIPO'),
(343, 56, 15, '14505', 'PADRE HURTADO'),
(344, 56, 15, '14504', 'PEÑAFLOR'),
(345, 52, 15, '16303', 'SAN JOSÉ DE MAIPÚ');

-- --------------------------------------------------------

--
-- Estructura de tabla para la tabla `tbl_provincias`
--

CREATE TABLE IF NOT EXISTS `tbl_provincias` (
  `id_provincia` int(10) NOT NULL AUTO_INCREMENT,
  `id_region` decimal(2,0) NOT NULL DEFAULT '0',
  `numero` varchar(3) COLLATE utf8_spanish_ci NOT NULL DEFAULT '0',
  `nombre` varchar(100) COLLATE utf8_spanish_ci NOT NULL DEFAULT '',
  UNIQUE KEY `id_provincia` (`id_provincia`)
) ENGINE=InnoDB  DEFAULT CHARSET=utf8 COLLATE=utf8_spanish_ci AUTO_INCREMENT=57 ;

--
-- Volcar la base de datos para la tabla `tbl_provincias`
--

INSERT INTO `tbl_provincias` (`id_provincia`, `id_region`, `numero`, `nombre`) VALUES
(1, 1, '1', 'ARICA'),
(2, 1, '2', 'PARINACOTA'),
(3, 2, '1', 'IQUIQUE'),
(4, 2, '1', 'TAMARUGAL'),
(5, 3, '1', 'ANTOFAGASTA'),
(6, 3, '2', 'EL LOA'),
(7, 3, '1', 'TOCOPILLA'),
(8, 4, '1', 'COPIAPÓ'),
(9, 4, '1', 'CHAÑARAL'),
(10, 4, '1', 'HUASCO'),
(11, 5, '1', 'ELQUI'),
(12, 5, '1', 'CHOAPA'),
(13, 5, '1', 'LIMARÍ'),
(14, 6, '1', 'VALPARAÍSO'),
(15, 6, '1', 'ISLA DE PASCUA'),
(16, 6, '1', 'LOS ANDES'),
(17, 6, '1', 'PETORCA'),
(18, 6, '1', 'QUILLOTA'),
(19, 6, '1', 'SAN ANTONIO'),
(20, 6, '1', 'SAN FELIPE DE ACONCAGUA'),
(21, 6, '1', 'MARGA MARGA'),
(22, 7, '1', 'CACHAPOAL'),
(23, 7, '1', 'CARDENAL CARO'),
(24, 7, '1', 'COLCHAGUA'),
(25, 8, '1', 'TALCA'),
(26, 8, '1', 'CAUQUENES'),
(27, 8, '1', 'CURICÓ'),
(28, 8, '1', 'LINARES'),
(29, 9, '1', 'CONCEPCIÓN'),
(30, 9, '1', 'ARAUCO'),
(31, 9, '1', 'BIOBÍO'),
(32, 9, '1', 'ÑUBLE'),
(33, 10, '1', 'CAUTÍN'),
(34, 10, '1', 'MALLECO'),
(35, 11, '1', 'VALDIVIA'),
(36, 11, '1', 'RANCO'),
(37, 12, '1', 'LLANQUIHUE'),
(38, 12, '1', 'CHILOÉ'),
(39, 12, '1', 'OSORNO'),
(40, 12, '1', 'PALENA'),
(41, 13, '1', 'COIHAIQUE'),
(43, 13, '1', 'CPITÁN PRAT'),
(44, 13, '1', 'CAPITÁN PRAT'),
(45, 13, '1', 'AISÉN'),
(46, 13, '1', 'GENERAL CARRERA'),
(47, 14, '1', 'MAGALLANES'),
(48, 14, '1', 'ANTÁRTICA CHILENA'),
(49, 14, '1', 'TIERRA DE FUEGO'),
(50, 14, '1', 'ULTIMA ESPERANZA'),
(51, 15, '1', 'SANTIAGO'),
(52, 15, '1', 'CORDILLERA'),
(53, 15, '1', 'CHACABUCO'),
(54, 15, '1', 'MAIPO'),
(55, 15, '1', 'MELIPILLA'),
(56, 15, '1', 'TALAGANTE');

-- --------------------------------------------------------

--
-- Estructura de tabla para la tabla `tbl_regiones`
--

CREATE TABLE IF NOT EXISTS `tbl_regiones` (
  `id_region` int(2) NOT NULL AUTO_INCREMENT,
  `numero` varchar(4) COLLATE utf8_spanish_ci NOT NULL DEFAULT '',
  `nombre` varchar(100) COLLATE utf8_spanish_ci NOT NULL DEFAULT '',
  UNIQUE KEY `id_region` (`id_region`)
) ENGINE=InnoDB  DEFAULT CHARSET=utf8 COLLATE=utf8_spanish_ci AUTO_INCREMENT=16 ;

--
-- Volcar la base de datos para la tabla `tbl_regiones`
--

INSERT INTO `tbl_regiones` (`id_region`, `numero`, `nombre`) VALUES
(1, '', 'ARICA Y PARINACOTA'),
(2, '', 'TARAPACÁ'),
(3, '', 'ANTOFAGASTA'),
(4, '', 'ATACAMA'),
(5, '', 'COQUIMBO'),
(6, '', 'VALPARAÍSO'),
(7, '', 'DEL LIBERTADOR GRAL. BERNARDO O´HIGGINS'),
(8, '', 'DEL MAULE'),
(9, '', 'DEL BIOBÍO'),
(10, '', 'DE LA ARAUCANÍA'),
(11, '', 'DE LOS RÍOS'),
(12, '', 'DE LOS LAGOS '),
(13, '', 'AISÉN DEL GRAL. CARLOS IBÁÑEZ DEL CAMPO'),
(14, '', 'MAGALLANES Y DE LA ANTÁRTICA'),
(15, '', 'METROPOLITANA DE SANTIAGO');
